Code,County,Age018,Age019,Age020,Age021,Age022,Age023,Age024,Age025,Age026,Age027,Age028,Age029,Age030,Age031,Age032,Age033,Age034,Age035,Age036,Age037,Age038,Age039,Age040,Age041,Age042,Age043,Age044,Age045,Age046,Age047,Age048,Age049,Age050,Age051,Age052,Age053,Age054,Age055,Age056,Age057,Age058,Age059,Age060,Age061,Age062,Age063,Age064,Age065,Age066,Age067,Age068,Age069,Age070,Age071,Age072,Age073,Age074,Age075,Age076,Age077,Age078,Age079,Age080,Age081,Age082,Age083,Age084,Age085,Age086,Age087,Age088,Age089,Age090,Age091,Age092,Age093,Age094,Age095,Age096,Age097,Age098,Age099,Age100,Age101,Age102,Age103,Age104,Age105
1,Adams,142,112,95,131,107,119,104,118,133,131,155,143,131,125,151,131,157,145,159,160,157,188,161,181,177,191,180,197,212,205,210,237,229,204,223,183,218,210,236,242,256,232,251,264,252,262,257,252,258,217,239,241,215,206,203,208,163,128,129,110,120,101,87,89,66,66,61,53,41,32,27,24,22,13,10,8,6,3,2,4,0,0,2,0,0,0,0,0
2,Allen,540,495,464,504,469,429,459,467,445,510,524,541,547,579,572,626,601,654,613,631,635,682,730,721,760,734,659,761,648,675,686,825,800,714,754,818,766,848,896,909,985,975,1010,1057,1053,1034,1034,1018,985,950,941,855,855,829,767,790,649,511,479,511,464,399,386,321,306,286,225,223,191,158,156,115,96,82,62,45,41,26,23,13,8,5,5,1,2,1,0,0
3,Ashland,271,300,258,253,248,244,235,245,250,254,266,279,263,302,310,272,363,363,370,387,348,345,397,367,365,379,351,379,372,361,402,489,447,476,464,440,449,439,501,500,518,567,549,554,574,621,564,529,508,514,492,517,431,456,419,467,344,295,282,300,305,264,227,212,175,158,135,129,97,92,63,66,65,42,35,23,20,16,16,4,5,1,0,1,1,0,0,0
4,Ashtabula,432,412,420,405,383,376,327,347,352,391,419,402,452,456,424,465,469,485,498,503,560,582,580,605,574,582,551,582,623,694,705,828,788,818,756,758,838,854,905,954,958,926,993,955,1009,1045,1008,1037,1047,953,922,875,825,808,780,834,613,513,509,554,456,429,386,329,293,293,245,189,189,136,116,95,90,66,57,36,34,26,14,19,4,2,4,1,0,0,2,0
5,Athens,285,361,755,892,753,486,363,308,333,315,300,319,314,327,302,337,288,342,360,341,367,379,384,343,352,367,357,317,325,334,406,389,398,381,413,420,381,387,431,436,451,450,434,430,464,457,492,469,479,483,452,444,409,415,366,417,317,260,223,225,179,191,176,151,145,120,114,94,85,57,57,53,43,31,20,16,21,13,7,1,3,3,1,0,0,2,0,0
6,Auglaize,268,282,291,287,289,285,257,256,277,272,268,315,333,309,347,366,359,365,370,333,390,395,387,360,380,395,352,349,387,361,397,455,406,413,453,407,433,461,524,503,516,500,563,538,576,545,479,510,520,475,491,448,412,374,372,395,279,272,274,268,232,194,169,180,143,145,132,127,92,69,60,54,53,49,34,26,23,18,7,6,4,3,0,1,0,0,0,0
7,Belmont,320,320,296,288,273,296,293,272,278,322,314,354,382,403,400,408,425,430,394,452,460,448,504,456,444,450,473,438,505,487,485,532,553,535,515,545,564,582,620,614,671,693,709,720,735,805,754,715,742,693,727,660,632,574,610,648,491,369,332,335,322,287,234,261,246,212,186,155,134,111,102,86,92,63,46,43,34,21,12,15,4,3,3,1,4,2,0,0
8,Brown,223,199,187,190,192,174,196,206,205,243,226,233,241,244,237,237,255,284,278,288,288,303,328,299,333,340,286,325,306,347,371,394,410,342,354,369,373,437,464,434,425,493,456,452,451,451,432,443,422,382,344,381,338,349,310,349,276,235,203,220,215,169,161,131,136,114,98,70,69,66,41,48,25,18,20,17,8,9,3,4,3,0,0,0,0,0,0,0
9,Butler,2462,2436,2395,2483,2246,1949,1879,1849,1766,1815,1952,1973,2133,2145,2322,2386,2507,2627,2589,2691,2880,2910,2933,2918,2796,2824,2655,2727,2780,2932,2985,3258,3369,3260,3201,3153,3290,3361,3546,3639,3607,3682,3551,3678,3643,3586,3382,3225,3231,2906,2814,2864,2595,2576,2415,2605,1926,1575,1504,1532,1400,1208,1046,966,893,790,704,647,564,447,394,290,285,227,178,118,100,68,38,24,13,12,9,4,4,2,0,0
10,Carroll,139,158,125,120,128,120,95,118,113,135,131,129,132,133,154,154,195,169,137,169,167,148,184,200,197,178,182,217,198,213,247,252,269,239,204,223,251,274,309,323,312,315,329,329,313,323,342,317,328,292,283,307,219,257,250,282,209,160,149,180,167,120,107,95,102,86,67,55,35,44,34,20,20,23,18,12,9,6,3,6,2,2,1,1,1,0,0,0
11,Champaign,217,217,202,191,196,137,187,207,203,201,213,217,212,240,233,251,241,254,254,236,285,280,265,284,294,276,256,300,290,303,328,380,397,370,349,368,399,395,433,387,410,398,433,433,387,422,424,345,382,328,344,338,316,312,290,347,282,231,235,212,209,191,148,137,117,118,102,77,59,52,47,29,28,29,16,12,8,9,5,2,4,0,0,1,0,1,0,0
12,Clark,633,613,601,660,634,613,567,552,600,570,658,678,692,740,720,732,787,864,859,876,837,816,838,876,905,917,832,861,915,913,950,1145,1173,1129,1160,1122,1168,1194,1291,1234,1278,1377,1346,1283,1319,1338,1315,1286,1262,1254,1246,1224,1092,1166,1133,1137,913,712,686,769,728,609,556,494,467,410,313,292,275,226,186,144,131,94,86,70,52,34,19,19,13,13,5,2,0,0,0,0
13,Clermont,1282,1261,1210,1232,1191,1111,1025,1068,1023,1053,1134,1189,1344,1371,1265,1451,1445,1553,1520,1572,1598,1643,1669,1669,1652,1621,1521,1572,1643,1641,1591,1914,2018,1916,1888,1939,1939,2007,2141,2060,2117,2165,2206,2116,2195,2194,2095,2030,1898,1792,1726,1719,1621,1542,1457,1634,1317,1027,938,952,829,835,608,589,512,482,393,349,254,238,220,161,148,132,78,68,56,25,27,11,13,6,1,5,1,1,0,0
14,Clinton,242,208,216,230,188,188,212,210,189,229,192,221,226,265,223,281,282,271,266,267,304,309,310,310,321,313,297,296,297,300,321,399,369,348,342,363,364,410,419,438,455,430,419,434,455,452,448,434,397,367,339,375,318,347,295,309,236,202,175,193,154,148,136,119,146,88,93,76,67,61,51,29,31,27,21,17,9,4,7,7,0,1,0,0,1,1,0,0
15,Columbiana,513,476,490,498,505,482,432,411,474,479,475,485,586,531,581,556,622,649,616,619,676,636,672,712,694,693,681,746,736,686,831,894,860,822,850,825,881,878,939,1001,990,1036,1112,1078,1138,1140,1123,1031,1125,1067,1002,1009,864,893,839,887,726,545,584,572,507,433,438,361,370,298,272,207,186,149,125,118,101,86,55,62,35,17,12,10,11,5,4,0,0,0,0,0
16,Coshocton,168,167,158,132,162,140,122,139,140,154,159,183,168,188,216,188,200,211,211,214,214,252,258,216,213,242,212,214,237,235,285,300,297,277,272,291,280,293,339,340,317,367,352,350,385,405,328,349,346,340,326,335,299,296,300,302,202,205,191,153,193,181,147,136,102,115,106,90,68,43,61,28,32,17,16,25,15,7,5,2,1,5,2,0,0,0,0,0
17,Crawford,173,199,192,169,179,178,171,166,153,160,167,189,192,223,186,200,210,222,216,231,257,236,280,255,217,282,260,302,285,301,322,348,346,333,369,332,308,349,397,397,380,407,396,422,436,406,433,413,411,394,393,400,346,350,323,378,258,234,231,263,265,219,169,187,163,147,127,112,92,78,67,55,50,37,25,20,10,13,13,6,1,3,0,0,1,0,0,0
18,Cuyahoga,6070,6247,6369,6328,6721,6757,6673,6978,7140,7564,7723,8175,8524,8495,8399,8141,8277,8162,7995,8109,8335,8288,8380,8156,7859,7893,7797,7777,7809,7896,8638,9608,10246,9786,9423,9816,9975,10566,11006,11137,11439,12001,12006,12319,12345,12379,12011,11487,11245,10573,10454,10045,9270,9022,8674,8883,6842,5597,5356,5699,5320,4726,4060,3829,3704,3220,2833,2566,2187,1872,1847,1554,1328,1029,860,664,576,341,282,186,133,82,36,29,18,11,6,3
19,Darke,345,313,300,311,288,254,250,270,279,256,288,295,321,320,341,351,344,327,335,363,387,375,413,403,408,408,377,359,367,420,431,450,457,474,427,444,503,523,568,511,493,556,557,572,541,568,535,532,513,506,498,476,424,466,472,422,343,285,286,320,328,289,248,191,188,174,150,122,107,98,73,57,56,42,32,26,24,17,3,5,5,2,1,2,0,0,0,0
20,Defiance,234,210,212,203,196,173,175,179,174,185,195,195,206,215,238,236,256,284,287,244,316,287,308,319,281,291,289,262,318,270,294,341,327,307,320,319,289,291,361,341,365,393,417,404,410,453,419,430,430,396,360,348,342,310,313,336,265,213,192,209,220,179,145,158,113,109,100,103,68,56,55,43,30,40,21,17,17,19,3,4,3,1,2,0,0,0,0,0
21,Delaware,2303,2041,1911,1700,1658,1405,1179,1117,1058,990,1073,1081,1227,1271,1540,1584,1762,1882,2081,2185,2350,2420,2498,2521,2506,2509,2521,2571,2555,2634,2561,2932,3002,2685,2525,2499,2345,2358,2369,2335,2274,2230,2184,2096,2017,2104,1932,1889,1828,1792,1768,1709,1619,1562,1560,1632,1264,1026,922,968,868,729,621,555,531,455,370,343,295,222,213,158,149,120,95,74,48,39,25,11,10,2,3,3,1,1,2,0
22,Erie,371,360,380,335,380,375,351,349,359,372,394,422,450,397,456,464,466,474,457,494,517,475,535,517,478,494,516,498,482,498,611,692,687,689,617,710,692,711,770,767,825,845,900,935,856,930,930,884,886,864,858,803,759,784,767,843,611,500,461,595,468,378,352,309,276,251,218,211,185,137,122,98,90,82,57,41,30,17,11,8,11,5,2,1,1,0,0,0
23,Fairfield,1133,1055,1099,979,1000,844,825,799,867,816,788,937,1016,1044,1079,1189,1222,1279,1237,1296,1429,1405,1341,1422,1316,1441,1343,1330,1371,1373,1449,1645,1632,1602,1544,1506,1525,1545,1652,1629,1642,1680,1563,1543,1531,1550,1462,1479,1386,1350,1292,1289,1197,1132,1191,1189,940,775,771,791,677,591,541,456,421,421,360,284,240,198,174,141,92,105,71,69,42,22,15,12,8,7,1,0,1,0,0,0
24,Fayette,136,111,106,136,124,135,100,109,137,144,143,119,130,148,155,160,157,160,151,165,160,204,188,178,186,209,181,175,201,194,213,239,232,251,218,226,217,216,244,235,246,261,229,268,271,252,266,245,249,236,235,227,217,205,192,199,171,120,132,126,131,120,86,100,86,67,61,74,56,38,33,17,27,24,11,16,4,9,1,4,2,2,0,0,0,1,0,1
25,Franklin,6756,7264,7857,7579,8207,8597,8899,9398,9843,10035,10538,10567,11094,10930,10959,10727,10844,10829,10549,10370,10710,10474,10509,10254,9696,9734,9261,9150,8884,8965,9383,10265,10506,10014,9641,9479,9233,9481,10137,10171,9997,10316,10369,10084,9791,9993,9533,9014,8871,8436,8047,7837,7273,7173,6874,6972,5195,4350,4009,4139,3656,3195,2852,2550,2389,1993,1876,1669,1404,1175,1010,972,800,650,481,381,318,240,124,104,78,36,27,12,6,3,3,1
26,Fulton,275,268,273,267,244,233,242,234,216,236,220,268,267,268,285,251,310,269,290,326,327,340,353,335,358,342,296,331,307,357,376,389,408,363,375,421,395,444,411,458,469,489,481,479,466,496,479,475,479,462,389,416,347,386,340,308,257,223,243,240,205,177,164,163,133,106,100,90,83,66,76,56,43,35,24,21,22,12,5,5,3,1,2,0,0,1,0,0
27,Gallia,130,142,118,130,143,123,119,124,140,141,160,139,171,157,154,184,180,206,190,207,210,183,195,197,209,213,193,180,193,207,203,239,239,235,233,176,236,238,285,280,276,304,322,313,296,332,304,296,246,271,279,262,238,228,223,225,161,152,137,169,149,120,117,103,99,77,85,59,58,45,40,37,26,17,16,9,7,2,2,1,2,0,1,2,1,0,0,0
28,Geauga,793,724,714,678,678,618,561,533,499,457,487,482,490,557,539,565,601,603,625,665,704,753,744,720,762,695,723,836,796,790,846,958,1058,994,1059,1098,1076,1174,1168,1172,1185,1241,1168,1260,1301,1268,1126,1225,1111,1045,1080,1036,867,942,860,939,724,647,612,692,600,484,470,396,388,314,283,260,202,185,152,135,104,70,75,55,38,24,25,14,5,6,4,3,0,0,0,0
29,Greene,1097,1073,1119,1123,1136,1121,1078,1117,1128,1121,1065,1141,1204,1168,1228,1265,1271,1279,1278,1308,1324,1301,1295,1331,1263,1194,1117,1174,1198,1280,1253,1431,1407,1489,1428,1509,1465,1562,1686,1687,1746,1806,1734,1742,1781,1784,1760,1731,1580,1545,1510,1475,1369,1418,1345,1374,1117,887,819,855,823,677,554,533,529,430,388,371,316,275,232,189,141,130,90,73,55,35,27,19,13,7,6,1,0,0,1,1
30,Guernsey,140,161,133,156,152,173,158,172,196,177,200,205,218,264,225,234,193,254,219,245,257,261,247,242,253,250,231,231,219,259,281,354,347,302,288,309,315,303,366,372,380,419,391,389,423,366,395,380,394,363,343,372,312,296,299,331,236,224,194,196,202,167,140,150,136,115,120,89,60,63,50,44,41,22,16,17,9,7,2,2,2,1,1,0,1,0,1,0
31,Hamilton,4746,4968,5280,5549,5999,5973,6129,6559,6428,6560,6722,7042,7272,7297,7206,7129,7246,7179,7083,6849,7053,6825,6753,6678,6409,6289,5783,5999,5837,6035,6135,6909,7214,6798,7017,6826,6934,7530,7953,7953,7958,8316,8154,8201,7981,8215,8084,7700,7607,6940,6772,6484,6000,5755,5421,5739,4156,3548,3333,3559,3370,2819,2465,2296,2274,2017,1745,1514,1395,1197,1107,989,836,622,489,400,268,235,155,101,76,32,29,5,8,6,4,3
32,Hancock,466,399,356,385,429,392,355,362,369,403,429,419,516,510,475,462,507,550,566,531,559,560,558,584,542,512,544,522,564,586,582,681,655,655,620,616,625,734,686,720,732,745,809,817,754,739,744,731,703,650,672,598,552,581,586,628,480,403,377,392,337,301,252,229,249,225,192,154,148,129,102,96,63,75,51,38,9,19,11,7,5,3,3,3,0,0,0,0
33,Hardin,134,135,131,165,136,131,124,139,130,145,139,134,154,142,138,143,149,161,196,204,167,182,212,184,207,219,178,207,210,216,214,236,240,238,238,226,221,232,241,255,268,256,265,265,271,261,266,236,252,250,236,234,217,208,212,222,173,147,132,139,135,102,90,103,85,89,63,64,45,41,28,30,26,33,13,10,7,5,5,4,1,3,1,0,0,0,0,0
34,Harrison,85,69,77,67,70,66,64,67,60,63,73,88,86,87,74,88,79,95,82,75,91,111,89,112,91,112,93,90,99,105,143,141,125,118,117,151,129,152,152,141,167,167,159,198,178,193,196,168,193,178,171,150,126,123,131,141,81,85,98,86,81,67,62,37,47,42,35,42,26,23,18,19,17,9,6,10,6,2,4,2,2,0,0,0,0,0,0,0
35,Henry,195,174,152,137,131,123,105,114,114,118,148,172,171,162,165,185,191,191,193,204,215,198,212,226,233,203,213,205,199,213,201,243,251,199,249,243,258,265,264,268,308,319,307,307,309,349,308,308,326,254,278,242,232,247,199,208,159,141,153,145,117,103,118,108,98,86,76,66,75,43,54,35,24,30,21,12,14,0,5,3,1,2,1,0,0,0,0,0
36,Highland,237,205,183,198,199,199,208,174,145,169,211,200,214,225,219,219,241,246,256,246,263,286,290,301,295,258,291,308,321,316,328,336,365,375,317,350,388,335,349,385,393,403,378,440,427,418,398,388,371,373,335,345,333,368,334,311,245,208,222,232,188,173,145,155,131,114,96,96,67,41,59,43,41,27,22,12,9,7,5,5,1,1,2,0,0,1,0,0
37,Hocking,130,120,120,138,114,117,116,157,112,118,141,155,166,168,149,164,167,175,163,171,179,215,203,188,191,188,193,212,214,223,211,278,283,237,245,234,262,244,264,281,308,336,281,277,307,307,304,304,260,261,265,263,227,230,224,266,169,139,154,131,126,127,88,77,87,81,82,45,44,38,29,23,23,10,13,4,9,6,2,2,1,0,1,0,0,1,0,0
38,Holmes,156,170,178,166,189,172,127,168,173,148,155,154,142,180,175,191,161,193,175,192,185,185,191,218,195,213,212,195,175,197,208,219,247,221,202,232,222,212,246,245,280,284,281,261,237,265,279,250,240,228,209,241,197,199,187,184,157,131,119,130,114,84,80,72,75,63,64,55,37,43,33,18,19,15,9,3,7,7,2,3,0,0,0,1,0,0,0,0
39,Huron,318,285,285,247,239,214,228,223,215,252,265,273,260,286,281,293,326,304,332,341,344,332,374,364,382,366,370,349,387,388,498,438,468,466,453,474,488,494,528,574,570,575,499,545,537,537,558,559,528,488,473,484,468,471,429,447,311,267,282,293,224,207,186,187,150,148,113,107,91,73,70,47,46,38,22,26,13,12,9,3,5,1,0,0,1,0,0,0
40,Jackson,166,148,156,150,166,138,134,140,157,135,148,167,179,201,201,163,187,216,220,202,225,243,229,243,261,226,259,244,205,259,241,275,263,285,281,248,262,253,315,305,279,273,302,304,313,292,306,280,283,277,266,264,230,280,224,246,173,130,152,137,137,91,112,92,84,71,57,57,41,44,34,29,23,20,14,8,7,3,2,3,1,0,0,0,0,0,0,0
41,Jefferson,293,281,324,313,323,340,319,326,352,308,358,381,362,392,430,390,402,377,363,376,382,403,416,439,426,421,431,429,454,486,489,604,574,520,532,554,554,582,621,669,684,684,736,699,771,806,730,716,753,707,710,644,643,590,578,608,489,395,345,387,359,331,307,291,253,236,184,158,165,123,103,92,83,57,55,26,29,23,16,11,7,2,6,0,0,0,0,0
42,Knox,480,502,428,369,333,259,296,288,286,273,349,340,329,365,366,369,392,427,428,371,464,458,453,438,438,473,458,413,436,456,466,580,510,553,476,547,527,572,620,617,600,615,652,654,649,655,651,616,599,603,568,560,547,488,547,522,389,328,346,342,319,282,235,201,193,173,155,103,93,85,71,66,50,49,43,21,14,10,7,9,3,4,2,1,0,0,0,0
43,Lake,1447,1377,1350,1335,1355,1381,1366,1383,1365,1402,1461,1492,1632,1611,1589,1589,1670,1670,1728,1670,1811,1785,1824,1798,1697,1724,1745,1802,1798,1780,1939,2154,2391,2212,2272,2318,2306,2426,2643,2654,2560,2766,2791,2831,2877,2987,2733,2730,2578,2455,2418,2272,2198,2028,2093,2320,1624,1449,1346,1470,1394,1153,994,832,876,748,679,588,488,387,357,314,275,213,187,165,87,70,48,31,29,12,6,4,1,1,0,0
44,Lawrence,265,289,272,266,326,286,282,279,305,296,294,303,315,392,350,398,363,391,374,417,389,420,424,431,426,465,437,416,466,459,477,533,557,501,500,517,513,569,559,534,531,563,568,543,597,597,558,560,534,469,500,485,498,460,444,484,353,328,328,291,290,274,215,206,174,177,127,131,90,88,77,46,48,28,31,22,13,10,10,6,0,1,2,0,0,0,0,0
45,Licking,1266,1203,1144,1081,1055,939,926,912,917,922,932,1002,1194,1166,1196,1293,1435,1421,1440,1443,1439,1536,1471,1448,1389,1424,1361,1412,1425,1470,1507,1758,1831,1669,1684,1688,1681,1744,1901,1916,1894,1924,1930,1904,1853,1861,1769,1720,1681,1507,1446,1415,1300,1382,1388,1565,1056,925,915,913,862,740,629,583,519,432,441,328,277,237,203,186,146,101,100,79,45,18,20,12,6,7,4,1,1,0,0,0
46,Logan,242,232,210,240,203,187,216,207,207,223,243,259,264,256,249,266,283,303,278,274,301,321,380,349,364,344,340,374,368,340,378,401,398,410,408,411,414,453,465,480,503,556,539,495,518,473,501,516,504,514,444,417,400,376,342,412,320,251,263,256,231,186,158,144,125,117,112,90,70,73,53,44,36,37,24,22,13,12,9,5,1,0,1,0,1,0,0,0
47,Lorain,1997,1948,1911,1843,1591,1504,1329,1426,1381,1423,1431,1531,1681,1750,1788,1771,1983,2037,1941,2169,2204,2334,2321,2346,2327,2333,2318,2412,2456,2434,2576,2830,3012,2836,2842,2801,2832,2995,3132,3149,3156,3329,3125,3256,3239,3497,3266,3069,3110,2929,2912,2867,2677,2653,2543,2694,2063,1703,1579,1707,1604,1341,1126,1074,1035,869,732,704,512,459,445,358,291,242,177,141,102,71,54,30,22,9,12,4,7,2,0,0
48,Lucas,2101,2151,2189,2241,2348,2320,2223,2400,2455,2525,2482,2585,2775,2816,2738,2815,2829,2836,2895,2865,3082,2943,3097,2942,2878,2857,2775,2948,3031,3085,3327,3592,3615,3512,3248,3415,3347,3648,3914,3821,4045,4153,4049,4109,4165,4180,4177,3893,3833,3661,3608,3515,3255,3133,3036,3166,2364,1937,1783,1973,1716,1501,1249,1185,1062,959,902,767,621,526,486,417,382,303,247,214,144,85,60,40,22,19,13,9,1,2,0,0
49,Madison,219,205,201,210,178,175,167,212,206,213,230,209,250,245,232,251,265,269,279,269,269,276,281,280,302,300,286,269,303,327,323,366,400,352,329,356,396,406,452,433,377,421,437,415,421,391,403,373,323,341,357,286,306,277,288,302,236,184,196,195,179,146,128,115,115,102,97,93,71,66,46,30,25,21,21,7,6,7,3,5,1,1,1,0,0,0,0,0
50,Mahoning,1179,1231,1240,1227,1262,1215,1203,1151,1130,1236,1298,1317,1345,1375,1331,1387,1347,1387,1377,1337,1537,1551,1539,1613,1504,1591,1522,1600,1592,1620,1690,1962,2012,1881,1799,1913,2043,1950,2230,2251,2319,2559,2496,2583,2576,2840,2632,2582,2610,2553,2521,2368,2275,2195,2050,2128,1603,1288,1230,1344,1333,1064,962,855,855,717,641,597,486,452,409,354,347,246,218,163,141,86,75,46,30,22,5,6,1,1,2,0
51,Marion,241,269,254,289,241,261,252,223,241,267,262,309,308,345,352,347,347,381,382,340,370,375,391,415,380,394,365,407,414,431,451,480,453,456,461,504,466,497,526,574,582,588,595,556,610,592,592,607,605,540,527,521,501,461,509,493,379,351,295,326,288,214,212,188,195,156,132,125,140,90,71,58,59,50,32,36,18,13,10,4,5,2,4,0,0,0,0,0
52,Medina,1470,1380,1346,1326,1182,1107,1039,1010,948,992,1026,1069,1152,1172,1254,1322,1397,1450,1472,1493,1568,1607,1679,1767,1600,1664,1664,1602,1617,1707,1829,2090,2095,2025,1936,2025,2096,2088,2251,2195,2158,2177,2091,2122,2194,2109,2037,1917,1939,1778,1858,1734,1638,1627,1527,1733,1314,1029,985,1052,1016,868,695,559,587,490,415,391,273,255,220,174,164,103,99,84,58,41,28,19,10,6,1,3,0,0,0,1
53,Meigs,101,134,120,113,92,76,97,90,80,103,107,116,119,114,109,121,136,135,145,148,156,162,164,162,183,148,133,159,168,165,172,206,208,185,185,205,216,220,200,218,234,233,243,228,234,208,249,259,251,228,245,208,188,219,177,191,135,120,122,135,110,95,78,62,78,65,64,38,42,31,24,17,18,20,12,4,6,2,9,0,3,1,0,1,0,0,0,0
54,Mercer,332,291,268,296,281,234,214,243,213,250,282,303,339,310,304,319,298,335,326,327,357,351,324,283,315,293,287,314,337,312,329,356,336,326,360,392,368,399,426,406,457,495,467,487,508,440,479,478,505,436,435,388,354,330,305,334,249,234,205,213,214,155,147,144,133,114,118,86,90,78,63,57,56,31,31,20,16,10,7,3,4,1,1,2,0,0,0,0
55,Miami,678,700,615,542,539,567,521,511,546,532,605,683,691,742,730,752,862,811,872,947,922,891,899,935,857,882,793,824,864,909,957,1083,1079,1055,973,1010,1003,990,1103,1104,1139,1191,1158,1086,1173,1132,1122,1087,1144,1016,988,918,935,935,878,1008,775,618,620,625,575,488,405,379,382,298,278,230,213,146,152,105,93,64,55,41,33,27,15,13,2,4,2,2,0,0,0,0
56,Monroe,63,57,81,72,71,65,75,59,59,83,68,71,75,71,86,66,87,77,87,96,77,82,102,101,92,84,75,94,83,102,102,147,125,97,110,124,140,119,162,109,139,167,146,164,154,153,152,164,152,158,140,128,130,142,130,124,111,98,102,110,84,72,76,61,64,50,37,40,35,21,21,16,17,18,6,7,3,3,3,1,2,0,0,0,0,0,0,0
57,Montgomery,2740,2779,2899,2969,3175,3101,2989,3080,3160,3295,3471,3724,3818,3911,3806,3732,3812,3852,3781,3825,3901,3881,4061,4013,3658,3759,3686,3589,3667,3910,3999,4527,4627,4487,4352,4426,4567,4799,5153,5237,5035,5498,5424,5172,5390,5326,5245,5093,5006,4595,4623,4381,4280,4094,4050,4266,3380,2646,2643,2769,2481,2159,1903,1773,1636,1452,1303,1222,1056,825,773,670,576,427,362,290,200,149,93,66,57,28,17,14,3,3,1,1
58,Morgan,62,53,58,45,72,56,76,50,63,60,69,60,72,75,52,87,69,86,82,83,85,90,119,104,91,95,98,93,102,101,118,117,96,129,118,105,126,135,144,144,156,163,160,169,134,141,145,125,139,124,136,120,128,129,133,118,97,87,65,70,77,61,65,52,43,37,49,33,32,19,23,13,7,9,3,5,4,1,1,3,1,0,0,0,0,0,0,0
59,Morrow,192,192,166,177,168,155,137,161,156,177,194,181,198,226,204,207,215,212,234,277,251,247,265,256,279,257,280,262,275,307,339,340,383,322,331,313,358,341,390,364,387,361,416,366,397,398,374,357,382,330,344,291,248,284,277,255,208,167,172,161,173,138,113,112,91,84,69,69,54,43,43,30,16,13,13,11,11,4,5,3,1,3,1,0,0,0,0,0
60,Muskingum,402,392,397,395,397,407,401,414,451,413,426,479,520,467,468,511,507,524,563,584,573,557,629,602,555,554,550,600,575,613,663,733,703,687,639,750,699,766,782,833,841,860,786,891,858,895,829,793,783,744,750,701,636,688,664,681,523,420,420,409,400,405,325,270,272,248,186,193,164,127,109,84,87,69,48,36,34,16,11,9,2,2,3,0,1,1,0,0
61,Noble,66,42,64,46,66,53,64,65,62,81,79,64,84,93,76,77,94,79,88,89,100,88,93,103,87,87,80,70,82,98,90,89,119,112,104,107,123,141,135,124,147,142,132,125,162,140,141,116,129,154,138,106,107,96,95,103,78,68,65,54,45,57,48,37,46,43,31,38,24,16,18,15,12,14,8,6,5,2,1,2,2,2,0,0,1,0,0,0
62,Ottawa,207,203,198,216,216,171,157,169,161,177,171,179,213,207,219,229,257,256,264,260,289,270,287,318,274,290,283,312,288,291,348,415,405,397,341,371,414,430,429,475,530,559,550,557,576,619,586,561,582,520,585,553,491,505,477,480,376,350,335,340,325,273,223,202,186,169,117,117,85,80,67,52,49,43,39,33,17,11,10,4,4,3,0,0,0,0,0,0
63,Paulding,122,104,99,112,110,90,86,87,82,97,105,107,97,124,104,105,123,131,123,135,126,125,127,134,137,138,128,150,136,138,153,176,180,159,163,179,173,181,178,193,173,195,206,213,193,187,177,213,192,193,171,192,143,174,140,164,120,95,96,93,107,82,81,79,54,57,46,37,35,37,25,12,20,11,14,10,6,3,1,3,1,0,1,0,1,0,0,0
64,Perry,156,161,167,176,158,179,142,155,144,158,163,199,206,205,208,195,219,237,216,247,237,265,250,263,247,265,280,258,242,250,281,299,318,288,313,333,314,293,337,353,350,329,351,349,374,372,341,363,345,321,270,260,269,275,290,300,185,157,170,168,131,111,109,102,85,74,69,60,47,29,43,24,20,16,12,11,5,4,3,1,1,1,1,0,0,0,0,0
65,Pickaway,298,298,292,273,288,267,276,260,260,295,312,359,378,373,427,395,430,424,419,439,452,424,457,412,494,476,423,464,485,490,491,575,565,524,486,529,528,560,590,526,532,559,511,592,512,531,514,485,508,426,456,416,385,373,349,462,329,245,250,260,250,252,188,177,171,150,112,106,80,60,57,51,55,34,27,21,13,8,7,8,5,2,2,0,0,0,0,0
66,Pike,121,125,126,105,115,110,123,105,127,133,131,119,163,143,139,162,147,143,133,163,182,209,178,150,187,186,179,186,222,227,219,207,219,206,212,232,248,252,252,240,255,277,264,256,258,251,239,255,244,227,224,219,190,206,172,200,168,137,119,127,100,113,82,83,89,69,62,49,53,33,40,29,23,25,14,7,11,11,4,2,1,2,2,0,1,0,0,0
67,Portage,1014,1029,1114,1170,1199,1054,997,953,898,848,904,875,961,954,953,937,1001,1059,1028,1080,1098,1128,1136,1183,1092,1157,1094,1182,1204,1155,1276,1374,1487,1480,1458,1507,1485,1542,1678,1709,1757,1749,1716,1701,1783,1753,1663,1625,1621,1469,1520,1445,1287,1282,1230,1370,987,776,846,918,816,609,534,450,490,410,331,297,276,232,191,166,111,93,75,66,45,35,26,19,9,4,3,2,1,0,1,1
68,Preble,228,210,239,221,202,217,191,197,202,201,227,229,248,246,283,274,262,304,281,273,326,311,314,317,328,306,325,312,321,351,348,387,392,377,366,376,361,431,426,431,488,475,456,444,503,480,422,426,414,387,389,416,368,379,351,370,301,223,227,212,204,184,177,152,143,101,112,97,74,55,58,40,34,35,22,11,10,5,10,5,2,2,4,0,1,0,0,0
69,Putnam,285,259,256,255,238,249,208,223,209,228,226,263,262,300,256,269,292,290,282,277,305,308,311,289,304,311,287,271,246,277,297,354,330,319,312,300,361,374,380,405,437,399,426,443,430,429,423,415,359,361,320,335,291,291,266,261,201,139,173,177,157,143,166,124,122,111,91,82,81,76,54,48,37,32,19,20,15,6,12,1,1,0,0,0,1,0,0,0
70,Richland,591,616,544,557,533,545,534,606,584,592,623,668,685,680,714,674,727,770,724,734,794,800,867,826,871,891,863,868,844,823,902,990,1005,998,963,1005,1004,1048,1130,1137,1125,1281,1259,1252,1263,1267,1236,1307,1236,1235,1129,1137,1009,1005,1048,1114,776,707,651,689,626,555,532,499,448,402,332,303,257,209,208,148,133,97,85,49,47,26,32,20,6,6,4,4,0,1,1,0
71,Ross,346,284,315,275,323,308,330,330,344,334,347,346,380,397,399,370,418,393,413,456,488,461,498,467,508,505,509,521,501,571,552,600,655,591,607,617,618,679,669,619,697,701,726,748,729,741,742,691,706,632,611,563,554,512,505,540,420,299,341,369,307,297,232,247,198,193,149,143,107,88,75,49,43,54,27,28,18,15,5,7,5,3,5,1,0,0,0,0
72,Sandusky,326,310,264,266,277,237,265,257,246,293,282,326,324,328,339,360,389,372,387,387,428,420,438,452,393,426,387,431,435,454,448,504,521,496,480,508,548,553,590,610,589,632,648,670,656,696,734,669,656,591,600,576,473,521,477,502,448,306,329,320,277,264,242,216,202,174,161,143,102,105,87,72,59,47,37,15,30,9,11,10,4,1,0,1,0,1,0,0
73,Scioto,393,332,326,328,339,307,304,320,302,343,344,363,384,389,396,465,390,434,461,429,493,474,487,491,482,523,486,494,534,536,566,579,611,577,545,557,556,592,626,609,603,651,630,594,676,695,699,639,626,605,553,568,528,538,490,542,438,341,324,307,259,293,261,242,195,206,161,142,115,90,75,79,51,42,42,18,31,18,7,12,4,3,0,1,0,0,0,0
74,Seneca,260,250,272,263,277,229,209,228,229,275,262,289,301,277,269,272,336,309,331,310,372,342,381,391,417,431,352,338,382,359,353,415,431,379,427,440,397,469,494,483,533,545,518,592,600,552,587,564,552,498,548,495,480,457,418,437,318,292,251,291,291,211,183,183,198,129,123,103,113,84,89,65,66,37,34,29,30,11,6,8,3,7,0,1,0,1,0,0
75,Shelby,353,310,332,320,300,283,258,264,254,261,291,293,278,323,302,292,339,336,342,356,372,386,361,396,361,397,411,381,417,385,431,434,456,464,424,474,467,560,518,525,532,510,524,519,507,557,474,464,435,462,425,434,390,386,338,374,277,249,225,252,216,180,167,175,127,126,82,93,78,70,63,48,49,26,27,23,8,12,6,1,4,1,2,0,0,1,0,0
76,Stark,1972,2023,1917,1811,1912,1723,1592,1664,1657,1680,1889,2050,2138,2199,2203,2114,2199,2386,2351,2345,2539,2550,2531,2570,2429,2501,2396,2464,2512,2479,2598,3055,3173,3067,2946,2927,3143,3374,3362,3427,3537,3736,3733,3753,3847,3883,3794,3714,3692,3464,3402,3230,3117,3200,3078,3177,2299,2007,2015,2035,1979,1601,1420,1270,1306,1136,904,829,706,607,504,464,376,301,260,187,148,101,77,52,28,25,12,7,3,0,0,0
77,Summit,3075,3099,3179,3196,3259,3229,3242,3233,3252,3371,3524,3613,3704,3628,3733,3845,3904,4085,3863,4029,4008,4154,4115,3981,4073,4154,3861,3995,3941,4078,4184,4826,5236,4857,4717,4819,5038,5243,5284,5487,5498,5678,5628,5665,5742,5859,5553,5508,5353,5013,4995,4682,4272,4349,4287,4591,3352,2823,2588,2778,2502,2056,1865,1688,1697,1485,1334,1166,1056,835,756,661,577,455,354,332,204,140,112,67,40,34,17,9,4,2,0,0
78,Trumbull,944,960,928,918,939,825,827,801,839,838,907,909,961,963,978,982,1058,1069,1099,1088,1127,1158,1201,1136,1145,1210,1166,1272,1279,1276,1407,1545,1575,1601,1534,1596,1669,1769,1810,1880,1928,1929,2036,2133,2204,2169,2212,1979,2135,2023,2058,1998,1849,1897,1757,1930,1468,1154,1136,1271,1062,996,821,750,756,587,553,469,453,343,313,260,256,192,153,120,73,59,46,25,19,10,4,2,3,2,0,0
79,Tuscarawas,461,433,452,483,427,396,413,455,394,380,467,471,483,527,490,532,546,567,630,639,628,650,659,639,633,614,616,671,640,652,656,800,761,666,695,763,752,738,872,868,830,950,949,971,953,1008,927,934,893,881,908,798,782,776,737,760,588,470,461,466,437,426,349,325,320,291,251,198,155,152,113,104,95,73,65,36,30,21,12,7,5,3,2,2,0,0,0,0
80,Union,498,466,444,380,367,340,293,336,330,348,344,397,458,452,482,521,523,549,584,601,629,594,624,630,669,682,650,660,688,647,655,732,751,684,622,631,603,658,673,658,643,638,619,611,586,589,496,499,489,493,450,421,388,381,374,388,285,236,230,220,206,192,167,119,125,100,77,65,87,56,49,27,37,40,23,22,16,12,7,2,5,2,1,0,0,0,0,0
81,Van Wert,177,160,178,171,155,148,136,155,167,141,175,174,187,175,195,155,172,201,186,174,226,204,225,249,236,256,189,210,220,208,246,238,245,257,238,229,232,256,292,307,300,309,302,332,286,300,324,348,290,314,276,262,247,227,216,237,195,158,174,168,158,117,118,114,104,83,79,65,53,44,40,39,35,24,21,12,11,10,7,4,6,2,0,1,1,0,0,0
82,Vinton,51,67,60,61,65,64,52,67,59,63,69,61,69,65,66,76,66,51,66,66,76,87,87,107,86,99,90,106,92,104,108,121,105,132,101,110,107,133,120,103,148,142,130,132,132,142,125,123,143,123,116,108,99,105,94,108,67,61,59,72,50,49,43,26,35,21,26,23,16,11,13,8,3,4,3,1,3,3,2,0,0,0,1,0,0,0,0,0
83,Warren,2196,2101,1987,1810,1775,1426,1411,1328,1233,1256,1285,1414,1430,1569,1618,1796,1928,1972,1998,2089,2176,2300,2347,2333,2288,2306,2293,2381,2475,2471,2505,2870,2938,2796,2768,2741,2577,2727,2841,2726,2812,2723,2724,2577,2483,2504,2377,2215,2092,2008,1942,1894,1684,1757,1701,1789,1326,1153,1088,1151,1003,860,741,691,660,523,508,427,425,283,250,210,187,135,122,90,58,42,30,25,9,5,2,4,0,1,1,2
84,Washington,320,334,279,319,320,308,281,300,295,334,353,328,386,384,362,376,414,436,428,421,430,424,492,467,403,451,452,422,464,505,471,516,549,544,557,560,533,585,618,634,615,682,676,713,702,753,700,647,646,665,594,580,558,530,490,590,426,362,368,373,337,295,272,250,249,200,176,179,113,109,86,77,49,53,41,31,27,20,16,8,5,2,2,1,0,0,1,0
85,Wayne,628,669,622,643,602,576,535,555,547,558,613,648,637,642,716,710,738,744,748,721,757,825,768,729,740,794,686,805,793,765,829,887,914,893,830,813,911,928,1081,1054,1093,1171,1130,1113,1083,1150,1154,1093,1098,1051,1032,937,915,912,824,919,714,545,561,602,574,516,402,374,363,332,306,233,220,155,168,159,113,87,57,54,33,30,16,9,3,3,1,1,2,0,0,0
86,Williams,224,186,159,204,169,170,148,182,169,178,180,208,204,218,215,215,267,247,254,246,254,267,290,284,266,255,244,255,272,246,288,319,341,274,313,287,316,358,363,389,358,373,451,419,429,447,401,415,429,378,345,349,311,283,318,298,244,192,229,224,197,193,186,119,135,112,97,96,80,66,53,49,36,40,26,30,17,14,6,4,3,2,1,2,2,0,0,0
87,Wood,804,882,959,998,953,820,748,725,720,717,697,732,818,757,794,882,903,903,941,916,952,1006,978,969,938,966,942,940,965,991,1053,1080,1205,1022,948,994,1098,1036,1166,1185,1246,1201,1246,1238,1270,1262,1299,1189,1240,1119,1127,1084,1096,999,936,988,737,613,582,629,537,446,364,359,358,274,287,240,216,159,130,129,108,78,69,59,33,33,16,7,7,3,2,0,0,1,0,0
88,Wyandot,119,129,116,94,107,98,109,107,102,99,97,100,127,120,142,145,135,158,144,158,191,169,174,169,161,151,135,174,177,177,160,217,201,208,153,200,212,242,214,219,221,247,247,231,276,217,242,242,243,199,225,190,189,196,194,171,125,150,98,107,128,100,102,82,72,71,69,55,33,52,36,22,25,19,16,16,8,2,5,3,1,0,0,1,0,0,0,0
